Workbook

Sheet Tareas
A1: Tarea | B1: ID de requisito (Link) | C1: Tiempo estimado (horas) | D1: Tiempo real (horas) | E1: Owner | F1: Estado
A2: Crear y configuración de entorno de Conda en la carpeta del proyecto | B2: =+TablaBacklog[[#This Row],[ID]] -> 1 | C2: 0.5 | D2: 0.25 | E2: Victor | F2: Completado
A3: Estudio de la documentación de FastAPI | B3: =+Requisitos!C2 -> 1 | C3: 1 | D3: 0.25 | E3: Juan | F3: Completado
A4: Estudio de la documentación de FastAPI | B4: =+Requisitos!C2 -> 1 | C4: 1 | D4: 0.25 | E4: Pedro | F4: Completado
A5: Estudio de la documentación de FastAPI | B5: =+Requisitos!C2 -> 1 | C5: 1 | D5: 0.25 | E5: Victor | F5: Completado
A6: Creación de fichero de dependencias del proyecto y subida al repositorio de github | B6: =+Requisitos!C2 -> 1 | C6: 0.17 | D6: 0.083 | E6: Victor | F6: Completado
A7: Creación de fichero de servidor web con FastAPI y tests iniciales de comprobación | B7: =+Requisitos!C2 -> 1 | C7: 1 | D7: 0.5 | E7: Victor | F7: Completado
A8: Estudio de la documentación de FastAPI | B8: =+Requisitos!C2 -> 1 | C8: 2 | D8: 1 | E8: Pablo | F8: Completado
A9: Estudio de la documentación de FastAPI | B9: =+Requisitos!C2 -> 1 | C9: 2 | D9: 1 | E9: Alfredo | F9: Completado
A10: Estudio de la documentación de FastAPI | B10: =+Requisitos!C2 -> 1 | C10: 1 | D10: 1 | E10: Javier | F10: Completado
A11: Creación y edición de fichero HTML para endpoint "/" | B11: =+Requisitos!C4 -> 3 | C11: 0.5 | D11: 0.25 | E11: Victor | F11: Completado
A12: Creación de tests para landing page | B12: =+Requisitos!C4 -> 3 | C12: 0.17 | D12: 0.083 | E12: Victor | F12: Completado
A13: Modificación del HTML para mostrar más información acerca de la utilidad de la página | B13: =+Requisitos!C4 -> 3 | C13: 0.083 | D13: 0.12 | E13: Juan | F13: Completado
A14: Creación de más tests para funcionalidad de landing page | B14: =+Requisitos!C4 -> 3 | C14: 0.17 | D14: 0.25 | E14: Victor | F14: Completado
A15: Edición de fichero servidor para devolver HTMLs a la página web | B15: =+Requisitos!C4 -> 3 | C15: 0.083 | D15: 0.17 | E15: Victor | F15: Completado
A16: Creación y edición de fichero HTML para endpoint "/menu-semanal" | B16: =+Requisitos!C7 -> 6 | C16: 0.25 | D16: 0.5 | E16: Alfredo | F16: Completado
A17: Creación de tests para endpoint de menú semanal | B17: =+Requisitos!C7 -> 6 | C17: 1 | D17: 2 | E17: Alfredo | F17: Completado
A18: Creación de nuevo endpoint para las recetas | B18: =+Requisitos!C5 -> 4 | C18: 2 | D18: 1 | E18: Pablo | F18: Completado
A19: Creación de tests para endpoint de las recetas | B19: =+Requisitos!C5 -> 4 | C19: 0.15 | D19: 0.25 | E19: Pablo | F19: Completado
A20: Creación de botón para crear cuenta en HTML | B20: =+Requisitos!C10 -> 9 | C20: 1 | D20: 0.5 | E20: Javier | F20: Completado
A21: Creación de diálogo con formulario para introducir datos y enviarlos al servidor | B21: =+Requisitos!C10 -> 9 | C21: 0.5 | D21: 0.5 | E21: Victor | F21: Completado
A22: Guardar información de la cuenta creada en el servidor | B22: =+Requisitos!C10 -> 9 | C22: 0.5 | D22: 0.75 | E22: Victor | F22: Completado
A23: Estudio de configuración de conda | B23: =+Requisitos!C2 -> 1 | C23: 0.5 | D23: 1 | E23: Javier | F23: Completado
A24: Estudio de configuración de conda | B24: =+Requisitos!C2 -> 1 | C24: 1 | D24: 1.5 | E24: Pablo | F24: Completado
A25: Mostrar mensaje en HTML tras la finalización de cuenta creada | B25: =+Requisitos!C10 -> 9 | C25: 0.25 | D25: 0.75 | E25: Javier | F25: Completado
A26: Refactoring del código | C26: 0.5 | D26: 0.15 | E26: Victor | F26: Completado
A27: Mostrar menú/formulario para la creación de la receta (HTML) | B27: =+Requisitos!C20 -> 19 | C27: 1 | D27: 0.5 | E27: Pedro | F27: Completado
A28: Mostrar botón para sacar el formulario de creación de las recetas de comida | B28: =+Requisitos!C20 -> 19 | C28: 0.15 | D28: 0.083 | E28: Pedro | F28: Completado
A29: Estudio de Javascript | B29: =+Requisitos!C5 -> 4 | C29: 0.5 | D29: 1 | E29: Pablo | F29: Completado
A30: Creación de nuevo endpoint para recibir la información de la creación de nueva receta | B30: =+Requisitos!C20 -> 19 | C30: 1 | D30: 0.15 | E30: Victor | F30: Completado
A31: Creación de código Javascript para mandar formulario al servidor | B31: =+Requisitos!C20 -> 19 | C31: 0.5 | D31: 1 | E31: Victor | F31: Completado
A32: Creación de código Javascript para ocultar el diálogo del formulario y mostrar mensaje de éxito de creación de una receta de comida | B32: =+Requisitos!C20 -> 19 | C32: 0.25 | D32: 1 | E32: Victor | F32: Completado
A33: Creación de un botón HTML de inicio de sesión | B33: =+Requisitos!C11 -> 10 | C33: 0.25 | D33: 0.5 | E33: Juan | F33: Completado
A34: Reutilizar codigo de crear cuenta para formulario de inicio de sesion | B34: =+Requisitos!C11 -> 10 | C34: 1 | D34: 1.5 | E34: Juan | F34: Completado
A35: Mostrar mensaje de éxito tras pulsar el boton al finalizar | B35: =+Requisitos!C11 -> 10 | C35: 2 | D35: 3 | E35: Juan | F35: Completado
A36: Modificar el formulario de crear receta para aceptar los nuevos campos | B36: =+Requisitos!C21 -> 20 | C36: 1 | D36: 2 | E36: Alfredo | F36: Completado
A37: Modificar el endpoint de crear receta para que reconozca los datos enviados | B37: =+Requisitos!C21 -> 20 | C37: 1.5 | D37: 2.5 | E37: Alfredo | F37: Completado
A38: Estudiar documentación necesaria | B38: =+Requisitos!C12 -> 11 | C38: 2 | D38: 1 | E38: Pedro | F38: Completado
A39: Crear un botón HTML de cerrar sesión | B39: =+Requisitos!C12 -> 11 | C39: 0.5 | D39: 0.5 | E39: Pedro | F39: Completado
A40: Reutilizar codigo del "Modal" para mostrar el dialogo de cerrar sesión | B40: =+Requisitos!C12 -> 11 | C40: 0.5 | D40: 0.5 | E40: Pedro | F40: Completado
A41: Mostrar mensaje de éxito tras pulsar el boton al finalizar | B41: =+Requisitos!C12 -> 11 | C41: 0.5 | D41: 3 | E41: Pedro | F41: Completado
A42: Arreglo de la funcionalidad del boton de iniciar sesion a través de js | B42: =+Requisitos!C11 -> 10 | C42: 0.15 | D42: 0.5 | E42: Victor | F42: Completado
A43: Explicacion de codigo de js | B43: =+Requisitos!C12 -> 11 | C43: 1 | D43: 0.5 | E43: Victor | F43: Completado
A44: Arreglo cambios de el repositorio | B44: =+Requisitos!C12 -> 11 | C44: 0.5 | D44: 0.5 | E44: Victor | F44: Completado
A45: Modificar el servidor web para poder guardar los datos asociados a las cuentas creadas | B45: =+Requisitos!C10 -> 9 | C45: 1 | D45: 0.083 | E45: Victor | F45: Completado
A46: Mostrar mensaje de error específico en HTML si se intenta crear una cuenta ya creada | B46: =+Requisitos!C10 -> 9 | C46: 0.15 | D46: 0.083 | E46: Victor | F46: Completado
A47: Verificar que las cuentas sean únicas (el email debe ser único) | B47: =+Requisitos!C37 -> 36 | C47: 0.25 | D47: 0.083 | E47: Victor | F47: Completado
A48: Investigar sobre templates HTML para diferentes vistas | C48: 2 | E48: Victor | F48: Completado
A49: Crear html invitado | B49: =+Requisitos!C41 -> 39 | C49: 0.25 | D49: 0.083 | E49: Pedro | F49: Completado
A50: Crear landing page igual que la de un usuario registrado en html invitado | B50: =+Requisitos!C41 -> 39 | C50: 0.5 | D50: 0.25 | E50: Pedro | F50: Completado
A51: Hacer redirecciones de todos los botones (excepto el de inicio) para que vayan al inicio de sesión | B51: =+Requisitos!C41 -> 39 | C51: 1 | D51: 0.5 | E51: Pedro | F51: Completado
A52: Verificar que todos los botones (excepto el de inicio) redirijan a iniciar sesión | B52: =+Requisitos!C41 -> 39 | C52: 0.15 | D52: 0.25 | E52: Pedro | F52: Completado
A53: Borrar botón de cerrar sesión en HTML de invitado | B53: =+Requisitos!C41 -> 39 | C53: 0.15 | D53: 0.083 | E53: Pedro | F53: Completado
A54: Crear validación avanzada de contraseña (longitud mínima 8, mayúsculas, minúsculas, número, símbolo) | B54: 46 | C54: 0.5 | D54: 1 | E54: Juan | F54: Completado
A55: Comprobar que el backend no unifica las respuestas de error de contraseña con las de email | B55: 46 | C55: 0.5 | D55: 1 | E55: Juan | F55: Completado
A56: Añadir mensajes de error estilizados en el HTML para contraseñas que no cumplan los requisitos | B56: 46 | C56: 0.15 | D56: 0.25 | E56: Juan | F56: Completado
A57: Crear validación de email basada en expresiones regulares personalizadas | B57: 47 | C57: 0.5 | D57: 1 | E57: Juan | F57: Completado
A58: Revisar que la respuesta del backend al validar email sea consistente con otros endpoints | B58: 47 | C58: 0.5 | D58: 1 | E58: Juan | F58: Completado
A59: Comprobar que el sistema de validación funciona también al editar una cuenta existente | B59: 47 | C59: 0.5 | D59: 1 | E59: Juan | F59: Completado
A60: Crer contenido que indique que estas en modo invitado en el HTMl de invitado | B60: =+Requisitos!C41 -> 39 | C60: 0.5 | D60: 0.35 | E60: Pedro | F60: Completado
A61: Eliminar botones de inicio de sesión y de crear cuenta, dejando el botón de cerrar sesión | B61: =+Requisitos!C42 -> 40 | C61: 0.15 | D61: 0.083 | E61: Alfredo | F61: Completado
A62: Crear icono que indique que el usuario está registrado | B62: =+Requisitos!C42 -> 40 | C62: 0.15 | D62: 0.25 | E62: Alfredo | F62: Completado
A63: Añadir botón cerrar sesión a recetas y ajustes del mismo | B63: =+Requisitos!C43 -> 41 | C63: 0.25 | D63: 0.5 | E63: Pedro | F63: Completado
A64: Comprobar que los requisitos de la contraseña se cumplen | B64: 46 | C64: 0.5 | D64: 0.75 | E64: Juan | F64: Completado
A65: Comprobar que los requisitos del email se cumplen | B65: 47 | C65: 0.5 | D65: 0.75 | E65: Juan | F65: Completado
A66: Comprobar que los campos están obligatorios en la parte de crear usuario | B66: =+Requisitos!C48 -> 50 | C66: 1 | D66: 0.5 | E66: Javier | F66: Completado
A67: Modificar el html de recetas para mostrar tres opciones diferentes "Mis recetas", "Recetas guardadas" y "Crear receta" | B67: =+Requisitos!C44 -> 42 | C67: 0.33 | D67: 0.83 | E67: Javier | F67: Completado
A68: Hacer que "Mis recetas" y "Recetas guardadas" redirijan a paginas diferentes | B68: =+Requisitos!C44 -> 42 | C68: 0.33 | D68: 0.5 | E68: Javier | F68: Completado
A69: Cambiar html para que "Crear receta" muestre un formulario con sus campos correspondientes | B69: =+Requisitos!C44 -> 42 | C69: 0.5 | D69: 0.16 | E69: Javier | F69: Completado
A70: Crear validación avanzada de email utilizando API | C70: 0.5 | D70: 3 | E70: Juan | F70: Completado
A71: Ajustar diferentes parámetros en base a lo que queremos | C71: 0.2 | D71: 1 | E71: Juan | F71: Completado
A72: Integrar la validación de email en el flujo de creación de cuenta (backend) | C72: 0.5 | D72: 2 | E72: Juan | F72: Completado
A73: Crear mensaje de error específico y estilizado para email inválido en HTML | C73: 0.1 | D73: 0.3 | E73: Juan | F73: Completado
A74: Permitir que un usuario se inicie sesión | B74: =+Requisitos!C38 -> 37 | C74: 0.25 | D74: 0.083 | E74: Alfredo | F74: Completado
A75: Revisar codigo del javascript | B75: =+Requisitos!C38 -> 37 | C75: 1 | D75: 3 | E75: Alfredo | F75: Completado
A76: Modificar campos obligatorios dentro de la opción de crear una receta | B76: =+Requisitos!C38 -> 37 | C76: 0.5 | D76: 0.25 | E76: Alfredo | F76: Completado
A77: Modificar javascript para que el formulario se pueda enviar sin estar completo | B77: =+Requisitos!C38 -> 37 | C77: 0.5 | D77: 0.25 | E77: Alfredo | F77: Completado
A78: Comprobar que los campos indicados como obligatorios, son requeridos y los que no están como obligatorios no lo son | B78: =+Requisitos!C45 -> 43 | C78: 2 | D78: 2.5 | E78: Victor | F78: Completado
A79: Comprobar que todo funciona y se puede enviar el formulario sin que todos los campos estén rellenos | C79: 0.5 | D79: 2.5 | E79: Victor | F79: Completado
A80: Permitir identificar en cualquier momento el estado del usuario (cookies) | B80: =+Requisitos!C45 -> 43 | C80: 0.5 | D80: 0.15 | E80: Victor | F80: Completado
A81: Refactoring del código | B81: =+Requisitos!C45 -> 43 | C81: 0.5 | D81: 0.25 | E81: Victor | F81: Completado
A82: Modificar servidor para poder guardar las recetas | B82: =+Requisitos!C43 -> 41 | C82: 1 | D82: 3 | E82: Pedro | F82: Completado
A83: Modificar servidor para guardar cookies de usuario para identificarlo mediante el email al registrarse | C83: 1.5 | D83: 0.75 | E83: Javier | F83: Completado
A84: Revisar que el front está enviando correctamente el email en el formato esperado | C84: 2 | D84: 0.5 | E84: Juan | F84: Completado
A85: Añadir logs de depuración cuando un email no cumple condiciones | C85: 0.2 | D85: 1 | E85: Juan | F85: Completado
A86: Estudio del codigo refactorizado | C86: 1 | D86: 0.25 | E86: Alfredo | F86: Completado
A87: Arreglar modal cuando clickas fuera | C87: 1 | D87: 0.5 | E87: Pedro | F87: Completado
A88: Estandarizar el formulario de crear receta | F88: Completado
A89: Mensajes de errores encontrados al hacer doble click en crear cuenta | C89: 0.15 | D89: 0.083 | E89: Pedro | F89: Completado
A90: Que no salgan los mensajes de error especificos en el email de iniciar sesión | C90: 0.083 | D90: 0.25 | E90: Pedro | F90: Completado
A91: Igualar el boton de cerrar sesion en la pagina de recetas guardadas | C91: 1 | D91: 0.75 | E91: Alfredo | F91: Completado
A92: Cambiar el nombre de la aplicación EN TODOS LOS LADOS (ESPECIALMENTE PARA EL PROMPT DE COPILOT | C92: 0.25 | D92: 0.15 | E92: Pedro | F92: Completado
A93: LOGO Y FAVICON | E93: Victor | F93: Pendiente
A94: Arreglar desplegable de recetas
A95: Poner trampilla para iniciar sesion | C95: 1 | D95: 0.5 | E95: Victor | F95: Completado
A96: igualar el modal de visualizar receta del apartado de recetas guardadas con el resto de modales de recetas | C96: 0.05 | D96: 0.05 | E96: Victor | F96: Completado
A97: poder visualizar las recetas guardadas por el usuario | B97: =+Requisitos!C52 -> 48 | C97: 0.17 | D97: 0.08 | E97: Alfredo | F97: Completado
A98: en el apartado de recetas guardadas, el botón de explorar recetas tiene que redirigir al apartado de comunidad en vez de al apartado de recetas | B98: =+Requisitos!C57 -> 55 | C98: 1 | D98: 0.75 | E98: Alfredo | F98: Completado
A99: Quitar la opción de foto obligatoria en las recetas | B99: =+Requisitos!C57 -> 55 | C99: 0.5 | D99: 1.5 | E99: Alfredo | F99: Completado
A100: Mostrar un nuevo modal al clickar en cualquier receta del apartado de mis recetas | B100: =+Requisitos!C57 -> 55 | C100: 0.5 | D100: 0.75 | E100: Alfredo | F100: Completado
...

Sheet Requisitos
A1: Requisito | B1: Criterio de validacion | C1: ID | D1: Priority | E1: Tiempo planning poker (horas) | F1: Riesgo | G1: Entrega | H1: Estado
A2: Se requiere de una página web que muestre el contenido de la idea del recetario de comidas | B2: 1. Al crear una nueva receta, si no se introduce un valor para el nombre, no debe dejar mandar el formulario y debe mostrar un aviso. 2. Al crear una nueva receta, si no se introduce un valor para el descripcion, no debe dejar mandar el formulario y debe mostrar un aviso. 3. Al crear una nueva receta, si no se introduce un valor para ingredientes, no debe dejar mandar el formulario y debe mostrar un aviso. 4. Al crear una nueva receta, si no se introduce un valor para los pasos a seguir, no debe dejar mandar el formulario y debe mostrar un aviso. 5. Al crear una nueva receta, si no se introduce un valor para la duración, no debe dejar mandar el formulario y debe mostrar un aviso. 6. Al crear una nueva receta, si no se introduce un valor para la foto, no debe dejar mandar el formulario y debe mostrar un aviso. 7. Si se introducen todos los campos obligatorios en el formulario, este se manda. 8. Cuando se mande el formulario correctamente, se debe mostrar un mensaje de éxito | C2: 1 | D2: I | E2: 5 | F2: Medio | G2: 45929 | H2: Completado
A3: Se requiere que la página web sea responsive (se adapte al tamaño de la pantalla del cliente). | B3: 1.Si no estás iniciado sesión, si clickas cualquier opción de la landing page(excepto inicio o el boton de recetario online), debe redirigirte a un formulario para iniciar sesión. 2. Si no se ha iniciado sesión debe aparecer la opción de iniciar sesión y crear cuenta, pero no la de cerrar sesión. 3. Debe aparecer un contenido que indique que se está utilizando la página web en modo invitado. | C3: 2 | D3: C | E3: 13 | F3: Alto | H3: Pendiente
A4: La página web debe contar con una página de bienvenida (landing page) que muestre información acerca de la utilidad de la misma y de sus distintos apartados. | B4: 1.Si un usuario invitado inicia sesión, al clickar cualquier botón o apartado, se le permitirá acceder al mismo. 2. En vez de aparecer los botones de iniciar sesión y crear cuenta, debe salir la opción de cerrar sesión en la landing page. 3. Debe aparecer un contenido que muestre un icono de ejemplo en la esquina superior derecha cuando un usuario esté registrado | C4: 3 | D4: I | E4: 3 | F4: Bajo | G4: 45929 | H4: Completado
A5: La página web debe contar con un apartado que muestre un menú de recetas del usuario | B5: 1. Un usuario con la sesión iniciada deberá tener la opción de cerrar sesión desde los distintos apartado de la página 2. Si se selecciona la opción de cerrar sesión desde cualquier apartado, se le redirigirá al usuario a la landing page como usuario invitado (sin permisos para entrar al resto de apartados). 3. Debe aparecer un contenido que indique que se está utilizando la página web en modo invitado. | C5: 4 | D5: N | E5: 3 | F5: Bajo | G5: 45929 | H5: Completado
A6: La página web debe contar con un apartado que muestre recetas publicadas por otros usuarios. | B6: 1. Siendo un usuario con inicio de sesión ya realizado, este debe poder acceder al apartado de recetas y observar las tres diferentes opciones. 2. Si el usuario selecciona la opción de "Mis Recetas" se le redirigirá a una página donde se le muestran sus recetas. 3. Si el usuario selecciona la opción de "Recetas guardadas" se le redirigirá a una página donde se le muestren sus recetas guardadas. 4. Si el usuario selecciona la opción de "Crear Receta" se le mostrará un formulario directamente para introducir los campos correspondientes. | C6: 5 | D6: N | E6: 10 | F6: Medio | H6: Pendiente
A7: La página web debe contar con un apartado que muestre un menú para la creación de un menú semanal de comidas. | B7: 1. Un usuario con la sesión iniciada debe tener la opción de acceder al apartado "Mis recetas" desde el apartado "Recetas". 2. Un usuario, al acceder al apartado "Mis recetas", debe poder observar un titulo que indique que está en el apartado de "Mis recetas". 3.Si un usuario ya con la sesión iniciada accede al apartado de mis recetas, se le deben mostrar solamente sus recetas y no las de otros usuarios. 4. Debe aparecer la opción de crear nueva receta de comida en este apartado. 5. Si se crea una nueva receta desde este apartado, la página web automáticamente mostrará la nueva receta creada junto con el resto de recetas de comida mostradas. 6. Dentro de este apartado, se mostrarán todas las recetas propias del usuario mostrando el título, descripción, foto, duración. | C7: 6 | D7: I | E7: 8 | F7: Medio | G7: 45929 | H7: Completado
A8: La página web contemplará un tipo de usuario denominado: usuario invitado. Este usuario no se habrá registrado ni iniciado sesión y solo tendrá acceso a la landing page. | B8: 1. Al crear una cuenta, si no se introduce un valor para el nombre de usuario, no debe dejar mandar el formulario y debe mostrar un mensaje de aviso. 2. Al crear una cuenta, si no se introduce un valor para el email, no debe dejar mandar el formulario y debe mostrar un mensaje de aviso. 3. Al crear una cuenta, si no se introduce un valor para la contraseña, no debe dejar mandar el formulario y debe mostrar un mensaje de aviso. 4. Si se introducen todos los campos, debe dejar mandar el formulario. 5. Se mostrará un mensaje de éxito cuando se mande correctamente el formulario. | C8: 7 | D8: N | E8: 6 | F8: Bajo | H8: Pendiente
A9: Se denegará el acceso a cualquier usuario invitado que intente acceder a otro apartado que no sea de la landing page. | B9: 1. Al iniciar sesión, si no se introduce un valor para el email, no debe dejar mandar el formulario y debe mostrar un mensaje de aviso. 2. Al iniciar sesión, si no se introduce un valor para la contraseña, no debe dejar mandar el formulario y debe mostrar un mensaje de aviso. 3. Si se introducen todos los campos, debe dejar mandar el formulario. 4. Se mostrará un mensaje de éxito cuando se mande correctamente el formulario. | C9: 8 | D9: N | E9: 5 | F9: Medio | H9: Pendiente
A10: La landing page debe contener la posibilidad de permitir a un usuario invitado crearse una cuenta. | B10: 1. Si se introduce en cualquier formulario una contraseña con menos de 8 caracteres, no debe dejar mandar el formulario y debe mostrar un mensaje de aviso. 2. Si se introduce en cualquier formulario una contraseña que no contiene mínimo una letra mayúscula, no debe dejar mandar el formulario y debe mostrar un mensaje de aviso. 3. Si se introduce en cualquier formulario una contraseña con mínimo una letra minúscula, no debe dejar mandar el formulario y debe mostrar un mensaje de aviso. 4. Si se introduce en cualquier formulario una contraseña con mínimo un número, no debe dejar mandar el formulario y debe mostrar un mensaje de aviso. | C10: 9 | D10: I | E10: 10 | F10: Alto | G10: 45929 | H10: Completado
A11: La landing page debe contener la posibilidad de permitir a un usuario invitado iniciar sesión con una cuenta. | B11: 1. Si se introduce en cualquier formulario un email con menos de 8 caracteres en la parte local, no debe dejar mandar el formulario y debe mostrar un mensaje de aviso. 2. Si se introduce en cualquier formulario un email con cualquier caracter que no sea una letra, número o punto, no debe dejar mandar el formulario y debe mostrar un mensaje de aviso. 3. Si se introduce en cualquier formulario un email sin arroba, no debe dejar mandar el formulario y debe mostrar un mensaje de aviso. 4. Si se introduce en cualquier formulario un email con más de un arroba, no debe dejar mandar el formulario y debe mostrar un mensaje de aviso. 5. Si se introduce en cualquier formulario un email con un dominio fuera de los especificados en el requisito, no debe dejar mandar el formulario y debe mostrar un mensaje de aviso. | C11: 10 | D11: I | E11: 13 | F11: Alto | G11: 45936 | H11: Completado
A12: La página web deberá contener, desde cualquier apartado, la posibilidad de cerrar sesión a un usuario registrado. | C12: 11 | D12: N | E12: 4 | F12: Medio | G12: 45936 | H12: Completado
A13: La página web deberá contener, desde cualquier apartado, la posibilidad de editar cuenta a un usuario registrado. | C13: 12 | D13: C | E13: 6 | F13: Medio | H13: Pendiente
A14: La página web contemplará un tipo de usuario denominado: usuario registrado. Este usuario habrá iniciado sesión con una cuenta y tendrá acceso a todos los apartados. | C14: 13 | D14: N | E14: 13 | F14: Alto | H14: Pendiente
A15: La página web no debe guardar información sensible de la cuenta del usuario (ej: contraseña) en claro. Debe estar protegida por algún mecanismo de seguridad ante posibles fallos de seguridad. (Ej: cifrar contraseñas) . | C15: 14 | D15: C | E15: 5 | F15: Medio
A16: La página web debe permitir cambiar el idioma del texto. | C16: 15 | D16: C | E16: 2 | F16: Bajo | H16: Pendiente
A17: Se requiere que el sistema mantenga información persistente. | C17: 16 | D17: N | E17: 10 | F17: Alto | H17: Pendiente
A18: Se requiere que el sistema tenga la posibilidad de escalar. | C18: 17 | D18: C | E18: 15 | F18: Alto | H18: Pendiente
A19: Se requiere que cada cuenta de usuario sea única, es decir, que cada cuenta sea solo de un usuario. | C19: 18 | D19: N | E19: 0.5 | F19: Bajo | H19: Pendiente
A20: Dentro del apartado del menú de las recetas del usuario, se debe poder crear una receta nueva. | C20: 19 | D20: I | E20: 13 | F20: Medio | G20: 45929 | H20: Completado
A21: A la hora de crear una nueva receta se debe poder introducir manualmente los pasos a seguir, ingredientes, alérgenos, nombre, foto, tipo de comida (entendido como país de origen) turno de comida (si es de comida, desayuno, cena...), dificultad de la receta y duración. | C21: 20 | D21: N | E21: 5 | F21: Medio | G21: 45936 | H21: Completado
A22: Dentro del apartado de las recetas se debe poder editar o modificar las recetas propias del usuario, cambiando los campos de la información de la receta. | C22: 21 | D22: C | E22: 3 | F22: Medio | H22: Pendiente
A23: Dentro del apartado de las recetas un usuario no deberá poder editar una receta de la que no es propietario. | C23: 22 | D23: C | E23: 1 | F23: Bajo | H23: Pendiente
A24: Dentro del apartado de las recetas se debe poder eliminar las recetas propias del usuario. | C24: 23 | D24: C | E24: 1 | F24: Bajo | H24: Pendiente
A25: Dentro del apartado de recetas se podrán visualizar todas las recetas creadas por el usuario. | C25: 24 | D25: N | E25: 9 | F25: Alto | H25: Pendiente
A26: Dentro del apartado de recetas se podrán visualizar todas las recetas guardadas por el usuario (no son de su propiedad). | C26: 25 | D26: N | E26: 10 | F26: Medio | H26: Pendiente
A27: Dentro del apartado de las recetas creadas, el usuario puede decidir si publicarlas (ser visibles por el resto de los usuarios). | C27: 26 | D27: C | E27: 3 | F27: Bajo | H27: Pendiente
A28: Independientemente del apartado en el que se encuentre un usuario, al acceder a una receta que no sea propia, se le permitirá poner una valoración y/o un comentario. | C28: 27 | D28: C | E28: 20 | F28: Alto | H28: Pendiente
A29: Cada usuario registrado de la página web tendrá una valoración general en función de las valoraciones de sus recetas, que se podrá visualizar en el perfil. | C29: 28 | D29: C | E29: 15 | F29: Alto | H29: Pendiente
A30: Dentro del apartado de las recetas publicadas por usuarios, se podrá filtrar en función de en función de: ingredientes, alérgenos, nombre, foto, tipo de comida (entendido como país de origen) turno de comida (si es de comida, desayuno, cena...), dificultad de la receta y duración. | C30: 29 | D30: C | E30: 10 | F30: Medio | H30: Pendiente
A31: Dentro del apartado de las recetas publicadas por otros usuarios, si un usuario accede a una receta se le permitirá guardar la receta. | C31: 30 | D31: I | E31: 15 | F31: Medio | H31: Pendiente
A32: Dentro del apartado del menú semanal se debe poder generar un menú semanal automáticamente en función de las recetas propias y guardadas. | C32: 31 | D32: N | E32: 25 | F32: Alto | H32: Pendiente
A33: Dentro del apartado del menú semanal se debe poder editar el menú semanal. | C33: 32 | D33: C | E33: 12 | F33: Alto | H33: Pendiente
... A37: El elemento único dentro de una cuenta es el email, es decir, no pueden existir dos cuentas distintas con el mismo email. | C37: 36 | D37: C | E37: 4 | F37: Bajo | H37: Completado
A38: Al crear una receta, los siguientes campos son obligatorios: nombre, descripcion, ingredientes, pasos a seguir, duracion, foto | B38: 1. Al crear una nueva receta, si no se introduce un valor para el nombre, no debe dejar mandar el formulario y debe mostrar un aviso. 2. Al crear una nueva receta, si no se introduce un valor para el descripcion, no debe dejar mandar el formulario y debe mostrar un aviso. 3. Al crear una nueva receta, si no se introduce un valor para ingredientes, no debe dejar mandar el formulario y debe mostrar un aviso. 4. Al crear una nueva receta, si no se introduce un valor para los pasos a seguir, no debe dejar mandar el formulario y debe mostrar un aviso. 5. Al crear una nueva receta, si no se introduce un valor para la duración, no debe dejar mandar el formulario y debe mostrar un aviso. 6. Al crear una nueva receta, si no se introduce un valor para la foto, no debe dejar mandar el formulario y debe mostrar un aviso. 7. Si se introducen todos los campos obligatorios en el formulario, este se manda. 8. Cuando se mande el formulario correctamente, se debe mostrar un mensaje de éxito | C38: 37 | D38: I | E38: 3 | F38: Medio | G38: 45944 | H38: Completado
A39: Siempre que un usuario esté creando una receta nueva, debe tener la opción de guardar o no la nueva receta. | C39: 38 | D39: I | E39: 8 | F39: Alto | H39: Pendiente
A41: Un usuario invitado no puede acceder a ningún apartado que no sea la landing page | B41: 1.Si no estás iniciado sesión, si clickas cualquier opción de la landing page(excepto inicio o el boton de recetario online), debe redirigirte a un formulario para iniciar sesión. 2. Si no se ha iniciado sesión debe aparecer la opción de iniciar sesión y crear cuenta, pero no la de cerrar sesión. 3. Debe aparecer un contenido que indique que se está utilizando la página web en modo invitado. | C41: 39 | D41: I | E41: 12 | F41: Alto | G41: 45944 | H41: Completado
A42: Un usuario registrado(ya ha iniciado sesión) tendrá acceso a cualquier apartado de la página web. | B42: 1.Si un usuario invitado inicia sesión, al clickar cualquier botón o apartado, se le permitirá acceder al mismo. 2. En vez de aparecer los botones de iniciar sesión y crear cuenta, debe salir la opción de cerrar sesión en la landing page. 3. Debe aparecer un contenido que muestre un icono de ejemplo en la esquina superior derecha cuando un usuario esté registrado | C42: 40 | D42: I | E42: 30 | F42: Medio | G42: 45944 | H42: Completado
A43: Una vez el usuario cierre sesión, se le debe redirigir a la landing page de usuario invitado | B43: 1. Un usuario con la sesión iniciada deberá tener la opción de cerrar sesión desde los distintos apartado de la página 2. Si se selecciona la opción de cerrar sesión desde cualquier apartado, se le redirigirá al usuario a la landing page como usuario invitado (sin permisos para entrar al resto de apartados). 3. Debe aparecer un contenido que indique que se está utilizando la página web en modo invitado. | C43: 41 | D43: I | E43: 4 | F43: Medio | G43: 45944 | H43: Completado
A44: El apartado de recetas debe contener tres apartados diferentes: "Mis recetas", "Recetas Guardadas" y "Crear Receta". | B44: 1. Siendo un usuario con inicio de sesión ya realizado, este debe poder acceder al apartado de recetas y observar las tres diferentes opciones. 2. Si el usuario selecciona la opción de "Mis Recetas" se le redirigirá a una página donde se le muestran sus recetas. 3. Si el usuario selecciona la opción de "Recetas guardadas" se le redirigirá a una página donde se le muestren sus recetas guardadas. 4. Si el usuario selecciona la opción de "Crear Receta" se le mostrará un formulario directamente para introducir los campos correspondientes. | C44: 42 | D44: I | E44: 20 | F44: Medio | G44: 45944 | H44: Completado
A45: Se deben poder visualizar las recetas de comida del mismo usuario en el apartado de mis recetas. | B45: 1. Un usuario con la sesión iniciada debe tener la opción de acceder al apartado "Mis recetas" desde el apartado "Recetas". 2. Un usuario, al acceder al apartado "Mis recetas", debe poder observar un titulo que indique que está en el apartado de "Mis recetas". 3.Si un usuario ya con la sesión iniciada accede al apartado de mis recetas, se le deben mostrar solamente sus recetas y no las de otros usuarios. 4. Debe aparecer la opción de crear nueva receta de comida en este apartado. 5. Si se crea una nueva receta desde este apartado, la página web automáticamente mostrará la nueva receta creada junto con el resto de recetas de comida mostradas. 6. Dentro de este apartado, se mostrarán todas las recetas propias del usuario mostrando el título, descripción, foto, duración. | C45: 43 | D45: I | E45: 15 | F45: Alto | G45: 45944 | H45: Completado
A46: Definir y modificar la paleta de colores de la página web y modificar la página actual | C46: 44 | D46: C | H46: Pendiente
A47: Generar un logo para la página web, así como una nombre de página web, un favicon y mostrarlo visualmente en el diseño de la página web. | C47: 45 | D47: C | H47: Pendiente
A48: Al crear una cuenta, todos los campos son obligatorios | B48: 1. Al crear una cuenta, si no se introduce un valor para el nombre de usuario, no debe dejar mandar el formulario y debe mostrar un mensaje de aviso. 2. Al crear una cuenta, si no se introduce un valor para el email, no debe dejar mandar el formulario y debe mostrar un mensaje de aviso. 3. Al crear una cuenta, si no se introduce un valor para la contraseña, no debe dejar mandar el formulario y debe mostrar un mensaje de aviso. 4. Si se introducen todos los campos, debe dejar mandar el formulario. 5. Se mostrará un mensaje de éxito cuando se mande correctamente el formulario. | C48: 50 | D48: I | E48: 3 | F48: Medio | G48: 45944 | H48: Completado
A49: Al iniciar sesión, todos los campos son obligatorios | B49: 1. Al iniciar sesión, si no se introduce un valor para el email, no debe dejar mandar el formulario y debe mostrar un mensaje de aviso. 2. Al iniciar sesión, si no se introduce un valor para la contraseña, no debe dejar mandar el formulario y debe mostrar un mensaje de aviso. 3. Si se introducen todos los campos, debe dejar mandar el formulario. 4. Se mostrará un mensaje de éxito cuando se mande correctamente el formulario. | C49: 51 | D49: I | E49: 2 | F49: Medio | G49: 45944 | H49: Completado
A50: Cualquier contraseña introducida en cualquier formulario de la página web deberá contener al menos 8 caracteres, una mayúscula, una minúscula y número | B50: 1. Si se introduce en cualquier formulario una contraseña con menos de 8 caracteres, no debe dejar mandar el formulario y debe mostrar un mensaje de aviso. 2. Si se introduce en cualquier formulario una contraseña que no contiene mínimo una letra mayúscula, no debe dejar mandar el formulario y debe mostrar un mensaje de aviso. 3. Si se introduce en cualquier formulario una contraseña con mínimo una letra minúscula, no debe dejar mandar el formulario y debe mostrar un mensaje de aviso. 4. Si se introduce en cualquier formulario una contraseña con mínimo un número, no debe dejar mandar el formulario y debe mostrar un mensaje de aviso. | C50: 46 | D50: I | E50: 4 | F50: Medio | G50: 45944 | H50: Completado
A52: La foto de las recetas no debe ser obligatoria al crear una receta | B52: 1. Al crear una nueva receta, si no se introduce una foto, no debe impedir mandar el formulario. 2. Una vez creada la receta sin foto, en el apartado de Mis Recetas se debe poder observar esta nueva receta con un contenido predeterminado. | C52: 48 | D52: I | E52: 0.5 | F52: Bajo | G52: 45964 | H52: Completado
A53: Cualquier email que se introduzca en cualquier formulario de la página web debe ser válido y legítimo. | B53: 1. En cualquier formulario de la página web, si se introduce un email que no cumple con la validación de correo electrónico legítimo no debe dejar enviar el formulario. 2. Si se introduce un email válido y el resto de campos del formulario son correctos, este debe poder mandarse. 3. Una vez se mande el formulario correctamente, se mostrará un mensaje de éxito | C53: 49 | D53: I | E53: 2 | F53: Alto | G53: 45964 | H53: Completado
A54: En el apartado de Comunidad, debe aparecer un listado de recetas publicadas (no apareceerán recetas propias del mismo usuario) que muestren el título, descripción, foto, duración, dificultad, turno de comida, alérgenos. | B54: 1. Debe existir un apartado de la página web que contenga las recetas de la Comunidad. 2. Si un usuario registrado intenta entrar a ese apartado desde cualquier opción disponible, debe poder acceder correctamente. 3. Debe existir un contenido que indique visualmente que el usuario se encuentra en el apartado de Comunidad. 4. Las recetas que se muestran, no deben ser del propio usuario. 5. Debe aparecer una lista de recetas con título, descripción, foto, duración, dificultad, turno de comida y alérgenos. | C54: 52 | D54: I | E54: 5 | F54: Alto | G54: 45964 | H54: Completado
A55: Las recetas de la Comunidad deben poder ser guardadas por el usuario | B55: 1. Dentro del apartado de la Comunidad, las recetas mostradas deben tener una opción para ser guardadas. 2. Si se guarda una receta, debe haber un elemento visual que muestre que ha sido guardado con éxito. 3. Si el usuario ha guardado una receta, este debe poder entrar al apartado de Recetas guardadas y visualizar dicha receta. | C55: 53 | D55: I | E55: 3 | F55: Medio | G55: 45964 | H55: Completado
A56: Las recetas de la Comunidad deben poder ser eliminadas de guardadas | B56: 1. Dentro del apartado de la Comunidad, las recetas mostradas deben tener una opción para ser eliminadas de guardadas si se han guardado previamente. 2. Desde el apartado de Recetas Guardadas, se deben poder eliminar de guardadas las recetas. 3. Si, desde el apartado de Recetas Guardadas, una receta se elimina de guardadas, debe refrescarse automáticamente la página con los cambios. 4. Desde el apartado de Recetas Guardadas, si se elimina de guardadas una receta, se debe mostrar un mensaje de éxito si se elimina correctamente. 5. En el apartado de Comunidad, si se elimina de guardadas una receta, debe haber un elemento visual que muestre que ha sido eliminada con éxito. | C56: 54 | D56: I | E56: 1 | F56: Bajo | G56: 45964 | H56: Completado
A57: El usuario puede seleccionar una receta de Mis recetas, mostrando todo el contenido completo de la receta, incluyendo opciones para poder publicar, editar o borrar la receta | B57: 1. El usuario va a poder seleccionar una receta del apartado Mis recetas 2. Al seleccionarla, deberá aparecer un menú de información que muestra el contenido de la receta. 3. En dicho menú, el usuario tendrá la opción de publicar la receta. 4. En dicho menú, el usuario tendrá la opción de editar la receta. 5. En dicho menú, el usuario tendrá la opción de eliminar la receta de su cuenta. 6. En dicho menú, el usuario tendrá la opción de volver atrás sin seleccionar ninguna opción de las anteriores. | C57: 55 | D57: I | E57: 10 | F57: Alto | G57: 45964 | H57: Completado
A58: Un usuario va a poder editar sus recetas | B58: 1. Tras seleccionar una receta, el usuario tendrá la opción de editar la receta. 2. Si el usuario selecciona la opción de edición, tendrá acceso a la modificación de los diferentes campos de la receta. 3. Un campo obligatorio no podrá quedar vacío con la edición, de lo contrario, no dejará guardar la información. 4. Dentro de la edición, el usuario tendrá la opción de guardar o cancelar. 5. Debe mostrarse un elemento visual que indique que estás en modo edición. 6. Si un usuario guarda una receta con algún cambio, una vez se guarde la edición, se debe poder observar el cambio en dicha receta. | C58: 56 | D58: I | E58: 2 | F58: Medio | G58: 45964 | H58: Completado
A59: Un usuario va a poder borrar sus recetas | B59: 1. Tras seleccionar una receta, el usuario tendrá la opción de borrar dicha receta. 2. Tras seleccionar la opción de borrar receta, el usuario debe tener una opción de cancelar o confirmar la decisión. 3. Una vez confirmada la eliminación de una receta, esta no deberá aparecer en la lista de recetas del usuario automáticamente. 4. Una vez confirmada la eliminación de una receta, esta no deberá aparecer en la lista de recetas guardadas de ningún otro usuario. 5. Una vez confirmada la eliminación de una receta, esta no deberá aparecer en la lista de recetas de la comunidad para ningún usuario. 6. Debe mostrarse un elemento visual que indique que se ha borrado correctamente la receta. | C59: 57 | D59: I | E59: 1 | F59: Bajo | G59: 45964 | H59: Completado
A60: Un usuario va a poder publicar sus recetas | B60: 1. Tras seleccionar una receta, el usuario tendrá la opción de publicar la receta. 2. Si el usuario selecciona la opción de publicar, esta receta deberá poder ser observada por el resto de usuarios en el apartado de la Comunidad. 3. Debe mostrarse un elemento visual que indique que se ha publicado la receta correctamente. 4. Tras seleccionar la opción de publicar receta, el usuario debe tener una opción de cancelar o confirmar la decisión. | C60: 58 | D60: I | E60: 7 | F60: Alto | G60: 45964 | H60: Completado
A61: El usuario va a poder ver su perfil dentro del apartado de Perfil. Este apartado contendrá: -email -nombreUsuario -foto (opcional) -Valoración -Número de recetas publicadas -Número de recetas propias -Número de recetas guardadas | B61: 1. Tras seleccionar la opción de ver el Perfil, el usuario va a poder acceder a un apartado diferente con información asociada al perfil. 2. Una vez dentro del apartado de Perfil, el usuario debe poder observar su email propio que identifica su cuenta. 3. Una vez dentro del apartado de Perfil, el usuario debe poder observar su nombre de usuario. 4. Una vez dentro del apartado de Perfil, el usuario debe poder observar su valoración general. 5. Una vez dentro del apartado de Perfil, el usuario debe poder observar su número de recetas publicadas. 6. Una vez dentro del apartado de Perfil, el usuario debe poder observar su número de recetas guardadas. 7. Una vez dentro del apartado de Perfil, el usuario debe poder observar su número de recetas propias. 8. Una vez dentro del apartado de Perfil, el usuario debe poder observar su foto en caso de tener. | C61: 59 | D61: I | E61: 7 | F61: Medio | G61: 45964 | H61: Completado
A62: El usuario va a poder modificar el nombre de usuario y la foto de su perfil | B62: 1. Dentro del apartado Perfil, debe existir una opción que permita entrar en modo edición. 2. En modo edición, se debe poder modificar el nombre de usuario y la foto. 3. En modo edición, no se debe poder modificar el resto de campos del perfil. 4. En modo edición, se debe sustituir la opción que permitía entrar en modo edición por una opción de guardar los cambios y otra de cancelar. 5. En modo edición, si se selecciona la opción de guardar los cambios, el usuario volverá a la página de Perfil con los datos actualizados (se refrescará automáticamente) y dejará de estar en modo edición. 6. En modo edición, si se selecciona la opción de cancelar, se devolverá al estado de no edición y los cambios no se aplicarán aunque se haya introducido alguno. | C62: 60 | D62: I | E62: 4 | F62: Medio | G62: 45964 | H62: Completado
A64: El usuario va a poder crear un menú semanal a partir de las recetas guardadas y propias | B64: 1. Dentro del apartado menú semanal el usuario tendra la opción de crear un menú semanal 2. Si el usuario selecciona el botón de crear menú semanal deberan aparecer los 7 días de la semana con huecos vacíos para cada tipo de comida 3. En cada hueco vacío del menú semanal el usuario podra seleccionar entre sus recetas propias y guardadas y añadirla a dicho hueco seleccionados 4. En dicho hueco solo se le mostrarán las opciones de dichas recetas ya filtradas por el tipo de comida que se esté evaluando 5. Al querer salir de la opción de salir del apartado de creación del menú semanal debera existir una opción de "confirmar" y "cancelar" 6. 7. 8. Si existe un menú semanal al entrar al apartado de menú semanal deberá mostrarse dicho menú semanal | C64: =ROW() - ROW(TablaBacklog[[#Headers],[ID]]) - 2 -> 61 | D64: I | E64: 5 | F64: Medio | G64: 46003 | H64: Pendiente
A65: Dentro del apartado de Menú semanal el usuario podra editarlo y borrarlo | B65: 1. Si un usuario accede al apartado de menú semanal donde existe un menú semanal o más, debera tener la opción de poder editar cualquiera de los menús y/o borrarlo 2. Si un usuairo edita su propio menú deberá poder confirmar o cancelar los cambios realizados 3. Si un usuario confirma los cmabios realizados al menú semanal deberán poder observarse estos cambios tras confirmarlos 4. Si un usuario borra un menú semanal este dejará de aparecer en dicho apartado | C65: =ROW() - ROW(TablaBacklog[[#Headers],[ID]]) - 2 -> 62 | D65: I | E65: 9 | F65: Bajo | G65: 46003 | H65: Pendiente
A66: Dentro del apartado de Menú semanal el usuairo tendra la opción de crear un menú semanal de forma automatica | B66: 1. Si un usuario accede al apartado de menú semanal deberá existir la opcion de crear de forma automatica 2. Si el usuario selecciona dicha opción se le mostrará un menú semanal creado de forma aleatoria donde podra confirmar o cancelar su creación 3. 4. | C66: =ROW() - ROW(TablaBacklog[[#Headers],[ID]]) - 2 -> 63 | D66: I | E66: 12 | F66: Medio | G66: 46003 | H66: Pendiente
A67: Dentro del apartado Comunidad y Recetas Guardadas un usuario podrá comentar las recetas de otros usuarios | B67: 1. Si un usario accede al apartado Comunidad y Recetas Guardadas tendra la opción de comentar en las recetas de otros usuarios 2. Si un usuario selecciona dicha opción tendra la posibilidad de escribir dicho comentario y confirmar o no su publicación 3. Si el usuario confirma la publicación del comentario en la receta de otro usuario este comentario será visible al resto de usuarios que puedan observar esa receta 4. Si el usuario cancela la publicación del comentario este no se publicará y no será visible | C67: =ROW() - ROW(TablaBacklog[[#Headers],[ID]]) - 2 -> 64 | D67: I | E67: 3 | F67: Medio | G67: 46003 | H67: Pendiente
A68: Dentro del apartado Comunidad y Recetas Guardadas un usuario podrá valorar las recetas de otros usuarios y se podrá observar la valoración media hasta el momento de cada receta | B68: 1. Si un usario accede al apartado Comunidad tendra la opción de valorar las recetas de otros usuarios 2. Si un usario accede al apartado Recetas Guardadas tendra la opción de valorar las recetas de otros usuarios 3. Si un usuario accede al apartado Comunidad podrá observar la valoración media entre las valoraciones totales de esa receta hasta el momento 4. Si un usuario accede al apartado Recetas Guardadas podrá observar la valoración media entre las valoraciones totales de esa receta hasta el momento | C68: =ROW() - ROW(TablaBacklog[[#Headers],[ID]]) - 2 -> 65 | D68: I | E68: 19 | F68: Alto | G68: 46003 | H68: Pendiente
A69: Si un usuario accede a su propio perfil podrá observar la valoración media de entre todas sus recetas valoradas por otros usuarios | B69: 1. Si un usuario accede al apartado de su perfil podrá observar su valoración media de entre sus recetas valoradas 2. Si el usuario no tiene recetas valoradas por otros usuarios tendrá una valoración nula 3. Si un usuario valora la receta de otro usuario, la valoración de ese otro usuario se actualizará 4. La valoración propia de un usuario solo podrá ser vista por el propio usuario | C69: =ROW() - ROW(TablaBacklog[[#Headers],[ID]]) - 2 -> 66 | D69: I | E69: 24 | F69: Alto | G69: 46003 | H69: Pendiente
A70: Filtrar por ingredientes, país, usuario, valoracion, dificultad, tiempo y turno de comida en el apartado comunidad. | B70: 1. Si un usuario accede al apartado Comunidad tendrá una opción para poder filtrar 2. Si un usuario selecciona la opción de filtrar deberá aparecer un menú que muestre los diferentes filtros 3. Al seleccionar un filtro en específico si ese campo son valores libres (no tiene formato predefinido) se mostrará una barra de texto donde podrá introducir los valores a filtrar 4. Si el filtro seleccionado tiene un valor predefinido se le mostrará una lista con los valores disponibles 5. Se deberán poder guardar los filtros realizados. La página se resfrescará y mostrará la lista de recetas filtrada por lo seleccionado por el usuario 6. Se deberán poder borrar todos los filtros seleccionados asi como borrar indivualmente los que el usuario quiera. | C70: =ROW() - ROW(TablaBacklog[[#Headers],[ID]]) - 2 -> 67 | D70: I | E70: 20 | F70: Medio | G70: 46003 | H70: Pendiente
A71: Filtrar por ingredientes, país, usuario, valoracion, dificultad, tiempo y turno de comida en el apartado mis recetas | B71: 1. Si un usuario accede al apartado Mis recetas tendrá una opción para poder filtrar 2. Si un usuario selecciona la opción de filtrar deberá aparecer un menú que muestre los diferentes filtros 3. Al seleccionar un filtro en específico si ese campo son valores libres (no tiene formato predefinido) se mostrará una barra de texto donde podrá introducir los valores a filtrar 4. Si el filtro seleccionado tiene un valor predefinido se le mostrará una lista con los valores disponibles 5. Se deberán poder guardar los filtros realizados. La página se resfrescará y mostrará la lista de recetas filtrada por lo seleccionado por el usuario 6. Se deberán poder borrar todos los filtros seleccionados asi como borrar indivualmente los que el usuario quiera. | C71: =ROW() - ROW(TablaBacklog[[#Headers],[ID]]) - 2 -> 68 | D71: I | E71: 10 | F71: Medio | G71: 46003 | H71: Pendiente
A72: Filtrar por ingredientes, país, usuario, valoracion, dificultad, tiempo y turno de comida en el apartado recetas guardadas. | B72: 1. Si un usuario accede al apartado Recetas guardadas tendrá una opción para poder filtrar 2. Si un usuario selecciona la opción de filtrar deberá aparecer un menú que muestre los diferentes filtros 3. Al seleccionar un filtro en específico si ese campo son valores libres (no tiene formato predefinido) se mostrará una barra de texto donde podrá introducir los valores a filtrar 4. Si el filtro seleccionado tiene un valor predefinido se le mostrará una lista con los valores disponibles 5. Se deberán poder guardar los filtros realizados. La página se resfrescará y mostrará la lista de recetas filtrada por lo seleccionado por el usuario 6. Se deberán poder borrar todos los filtros seleccionados asi como borrar indivualmente los que el usuario quiera. | C72: =ROW() - ROW(TablaBacklog[[#Headers],[ID]]) - 2 -> 69 | D72: I | E72: 12 | F72: Medio | G72: 46003 | H72: Pendiente
A73: Al crear una nueva receta el turno de comida y deberá ser obligatorio | B73: 1. Si un usuario crea una nueva receta deberá poder visualizarse un indicador de que el turno de comida es obligatorio seleccionarlo 2. Si un usuario confirma la receta sin seleccionar un turno de comida, esta receta no será creada y deberá existir un aviso de que deberá seleccionar un turno de comida para la misma 3. Si un usuario confirma la receta habiendo seleccionado un turno de comida para la misma, la receta se creará correctamente | C73: =ROW() - ROW(TablaBacklog[[#Headers],[ID]]) - 2 -> 70 | D73: I | E73: 16 | F73: Bajo | G73: 46003 | H73: Pendiente
A74: Modificación visual en el apartado Mi Perfil, que se muestre el nombre del propio usuario iniciado sesión en vez de "Perfil" en la barra de navegación y si el usuario cuenta con una foto debera observarse esta en vez de logo de "Perfil" | C74: =ROW() - ROW(TablaBacklog[[#Headers],[ID]]) - 2 -> 71 | D74: I | E74: 21 | F74: Bajo | G74: 46003 | H74: Pendiente
A75: Modificación visual al fondo de pantalla de las cards en el apartado "Recetas" | C75: =ROW() - ROW(TablaBacklog[[#Headers],[ID]]) - 2 -> 72 | D75: I | E75: 5 | F75: Bajo | G75: 46003 | H75: Pendiente
A76: Al observar una receta en el apartado de Comunidad o Recetas guardadas se debe poder guardar o desguardar sin necesidad de hacer click en la receta | B76: 1. Si un usuario accede al apartado Comunidad deberá tener la opción de guardar la receta sin necesidad hacer click en la receta para entrar a la información 2. | C76: =ROW() - ROW(TablaBacklog[[#Headers],[ID]]) - 2 -> 73 | D76: I | E76: 7 | F76: Medio | G76: 46003 | H76: Pendiente
A77: Si el usuario selecciona país de origen al crear/editar una receta le debe aparecer un desplegable con todos los países | C77: 74 | D77: I | E77: 12 | F77: Medio | G77: 46003 | H77: Pendiente
